{
  "hash": "140991952d8c8e2ed875",
  "version": "5.72.0",
  "time": 97,
  "builtAt": 1651161158823,
  "publicPath": "auto",
  "outputPath": "/Users/tecvan/studio/webpack-book-samples/stats-with-profile/dist",
  "assetsByChunkName": { "main": ["bundle.js"] },
  "assets": [
    {
      "type": "asset",
      "name": "bundle.js",
      "size": 12079,
      "emitted": false,
      "comparedForEmit": true,
      "cached": false,
      "info": { "javascriptModule": false, "size": 12079 },
      "chunkNames": ["main"],
      "chunkIdHints": [],
      "auxiliaryChunkNames": [],
      "auxiliaryChunkIdHints": [],
      "related": {},
      "chunks": ["main"],
      "auxiliaryChunks": [],
      "isOverSizeLimit": false
    },
    {
      "type": "asset",
      "name": "src_bar_js.bundle.js",
      "size": 575,
      "emitted": false,
      "comparedForEmit": true,
      "cached": false,
      "info": { "javascriptModule": false, "size": 575 },
      "chunkNames": [],
      "chunkIdHints": [],
      "auxiliaryChunkNames": [],
      "auxiliaryChunkIdHints": [],
      "related": {},
      "chunks": ["src_bar_js"],
      "auxiliaryChunks": [],
      "isOverSizeLimit": false
    }
  ],
  "chunks": [
    {
      "rendered": true,
      "initial": true,
      "entry": true,
      "recorded": false,
      "size": 6913,
      "sizes": { "javascript": 64, "runtime": 6849 },
      "names": ["main"],
      "idHints": [],
      "runtime": ["main"],
      "files": ["bundle.js"],
      "auxiliaryFiles": [],
      "hash": "349ec0a6c13f6849aa95",
      "childrenByOrder": {},
      "id": "main",
      "siblings": [],
      "parents": [],
      "children": ["src_bar_js"],
      "modules": [
        {
          "type": "module",
          "moduleType": "javascript/auto",
          "layer": null,
          "size": 22,
          "sizes": { "javascript": 22 },
          "built": true,
          "codeGenerated": true,
          "buildTimeExecuted": false,
          "cached": false,
          "identifier": "/Users/tecvan/studio/webpack-book-samples/stats-with-profile/src/foo.js",
          "name": "./src/foo.js",
          "nameForCondition": "/Users/tecvan/studio/webpack-book-samples/stats-with-profile/src/foo.js",
          "index": 1,
          "preOrderIndex": 1,
          "index2": 0,
          "postOrderIndex": 0,
          "cacheable": true,
          "optional": false,
          "orphan": false,
          "dependent": true,
          "issuer": "/Users/tecvan/studio/webpack-book-samples/stats-with-profile/src/index.js",
          "issuerName": "./src/index.js",
          "issuerPath": [
            {
              "identifier": "/Users/tecvan/studio/webpack-book-samples/stats-with-profile/src/index.js",
              "name": "./src/index.js",
              "profile": {
                "total": 32,
                "resolving": 23,
                "restoring": 0,
                "building": 9,
                "integration": 0,
                "storing": 0,
                "additionalResolving": 0,
                "additionalIntegration": 0,
                "factory": 23,
                "dependencies": 0
              },
              "id": "./src/index.js"
            }
          ],
          "failed": false,
          "errors": 0,
          "warnings": 0,
          "profile": {
            "total": 4,
            "resolving": 2,
            "restoring": 0,
            "building": 2,
            "integration": 0,
            "storing": 0,
            "additionalResolving": 0,
            "additionalIntegration": 0,
            "factory": 2,
            "dependencies": 0
          },
          "id": "./src/foo.js",
          "issuerId": "./src/index.js",
          "chunks": ["main"],
          "assets": [],
          "reasons": [
            {
              "moduleIdentifier": "/Users/tecvan/studio/webpack-book-samples/stats-with-profile/src/index.js",
              "module": "./src/index.js",
              "moduleName": "./src/index.js",
              "resolvedModuleIdentifier": "/Users/tecvan/studio/webpack-book-samples/stats-with-profile/src/index.js",
              "resolvedModule": "./src/index.js",
              "type": "harmony side effect evaluation",
              "active": true,
              "explanation": "",
              "userRequest": "./foo",
              "loc": "1:0-24",
              "moduleId": "./src/index.js",
              "resolvedModuleId": "./src/index.js"
            }
          ],
          "usedExports": null,
          "providedExports": ["default"],
          "optimizationBailout": [],
          "depth": 1
        },
        {
          "type": "module",
          "moduleType": "javascript/auto",
          "layer": null,
          "size": 42,
          "sizes": { "javascript": 42 },
          "built": true,
          "codeGenerated": true,
          "buildTimeExecuted": false,
          "cached": false,
          "identifier": "/Users/tecvan/studio/webpack-book-samples/stats-with-profile/src/index.js",
          "name": "./src/index.js",
          "nameForCondition": "/Users/tecvan/studio/webpack-book-samples/stats-with-profile/src/index.js",
          "index": 0,
          "preOrderIndex": 0,
          "index2": 1,
          "postOrderIndex": 1,
          "cacheable": true,
          "optional": false,
          "orphan": false,
          "dependent": false,
          "issuer": null,
          "issuerName": null,
          "issuerPath": null,
          "failed": false,
          "errors": 0,
          "warnings": 0,
          "profile": {
            "total": 32,
            "resolving": 23,
            "restoring": 0,
            "building": 9,
            "integration": 0,
            "storing": 0,
            "additionalResolving": 0,
            "additionalIntegration": 0,
            "factory": 23,
            "dependencies": 0
          },
          "id": "./src/index.js",
          "issuerId": null,
          "chunks": ["main"],
          "assets": [],
          "reasons": [
            {
              "moduleIdentifier": null,
              "module": null,
              "moduleName": null,
              "resolvedModuleIdentifier": null,
              "resolvedModule": null,
              "type": "entry",
              "active": true,
              "explanation": "",
              "userRequest": "./src/index.js",
              "loc": "main",
              "moduleId": null,
              "resolvedModuleId": null
            }
          ],
          "usedExports": null,
          "providedExports": [],
          "optimizationBailout": [],
          "depth": 0
        },
        {
          "type": "module",
          "moduleType": "runtime",
          "layer": null,
          "size": 308,
          "sizes": { "runtime": 308 },
          "built": false,
          "codeGenerated": true,
          "buildTimeExecuted": false,
          "cached": false,
          "identifier": "webpack/runtime/define property getters",
          "name": "webpack/runtime/define property getters",
          "nameForCondition": null,
          "index": null,
          "preOrderIndex": null,
          "index2": null,
          "postOrderIndex": null,
          "optional": false,
          "orphan": false,
          "dependent": false,
          "failed": false,
          "errors": 0,
          "warnings": 0,
          "id": "",
          "chunks": ["main"],
          "assets": [],
          "reasons": [],
          "usedExports": null,
          "providedExports": [],
          "optimizationBailout": [],
          "depth": null
        },
        {
          "type": "module",
          "moduleType": "runtime",
          "layer": null,
          "size": 326,
          "sizes": { "runtime": 326 },
          "built": false,
          "codeGenerated": true,
          "buildTimeExecuted": false,
          "cached": false,
          "identifier": "webpack/runtime/ensure chunk",
          "name": "webpack/runtime/ensure chunk",
          "nameForCondition": null,
          "index": null,
          "preOrderIndex": null,
          "index2": null,
          "postOrderIndex": null,
          "optional": false,
          "orphan": false,
          "dependent": false,
          "failed": false,
          "errors": 0,
          "warnings": 0,
          "id": "",
          "chunks": ["main"],
          "assets": [],
          "reasons": [],
          "usedExports": null,
          "providedExports": [],
          "optimizationBailout": [],
          "depth": null
        },
        {
          "type": "module",
          "moduleType": "runtime",
          "layer": null,
          "size": 174,
          "sizes": { "runtime": 174 },
          "built": false,
          "codeGenerated": true,
          "buildTimeExecuted": false,
          "cached": false,
          "identifier": "webpack/runtime/get javascript chunk filename",
          "name": "webpack/runtime/get javascript chunk filename",
          "nameForCondition": null,
          "index": null,
          "preOrderIndex": null,
          "index2": null,
          "postOrderIndex": null,
          "optional": false,
          "orphan": false,
          "dependent": false,
          "failed": false,
          "errors": 0,
          "warnings": 0,
          "id": "",
          "chunks": ["main"],
          "assets": [],
          "reasons": [],
          "usedExports": null,
          "providedExports": [],
          "optimizationBailout": [],
          "depth": null
        },
        {
          "type": "module",
          "moduleType": "runtime",
          "layer": null,
          "size": 221,
          "sizes": { "runtime": 221 },
          "built": false,
          "codeGenerated": true,
          "buildTimeExecuted": false,
          "cached": false,
          "identifier": "webpack/runtime/global",
          "name": "webpack/runtime/global",
          "nameForCondition": null,
          "index": null,
          "preOrderIndex": null,
          "index2": null,
          "postOrderIndex": null,
          "optional": false,
          "orphan": false,
          "dependent": false,
          "failed": false,
          "errors": 0,
          "warnings": 0,
          "id": "",
          "chunks": ["main"],
          "assets": [],
          "reasons": [],
          "usedExports": null,
          "providedExports": [],
          "optimizationBailout": [],
          "depth": null
        },
        {
          "type": "module",
          "moduleType": "runtime",
          "layer": null,
          "size": 88,
          "sizes": { "runtime": 88 },
          "built": false,
          "codeGenerated": true,
          "buildTimeExecuted": false,
          "cached": false,
          "identifier": "webpack/runtime/hasOwnProperty shorthand",
          "name": "webpack/runtime/hasOwnProperty shorthand",
          "nameForCondition": null,
          "index": null,
          "preOrderIndex": null,
          "index2": null,
          "postOrderIndex": null,
          "optional": false,
          "orphan": false,
          "dependent": false,
          "failed": false,
          "errors": 0,
          "warnings": 0,
          "id": "",
          "chunks": ["main"],
          "assets": [],
          "reasons": [],
          "usedExports": null,
          "providedExports": [],
          "optimizationBailout": [],
          "depth": null
        },
        {
          "type": "module",
          "moduleType": "runtime",
          "layer": null,
          "size": 3088,
          "sizes": { "runtime": 3088 },
          "built": false,
          "codeGenerated": true,
          "buildTimeExecuted": false,
          "cached": false,
          "identifier": "webpack/runtime/jsonp chunk loading",
          "name": "webpack/runtime/jsonp chunk loading",
          "nameForCondition": null,
          "index": null,
          "preOrderIndex": null,
          "index2": null,
          "postOrderIndex": null,
          "optional": false,
          "orphan": false,
          "dependent": false,
          "failed": false,
          "errors": 0,
          "warnings": 0,
          "id": "",
          "chunks": ["main"],
          "assets": [],
          "reasons": [],
          "usedExports": null,
          "providedExports": [],
          "optimizationBailout": [],
          "depth": null
        },
        {
          "type": "module",
          "moduleType": "runtime",
          "layer": null,
          "size": 1503,
          "sizes": { "runtime": 1503 },
          "built": false,
          "codeGenerated": true,
          "buildTimeExecuted": false,
          "cached": false,
          "identifier": "webpack/runtime/load script",
          "name": "webpack/runtime/load script",
          "nameForCondition": null,
          "index": null,
          "preOrderIndex": null,
          "index2": null,
          "postOrderIndex": null,
          "optional": false,
          "orphan": false,
          "dependent": false,
          "failed": false,
          "errors": 0,
          "warnings": 0,
          "id": "",
          "chunks": ["main"],
          "assets": [],
          "reasons": [],
          "usedExports": null,
          "providedExports": [],
          "optimizationBailout": [],
          "depth": null
        },
        {
          "type": "module",
          "moduleType": "runtime",
          "layer": null,
          "size": 274,
          "sizes": { "runtime": 274 },
          "built": false,
          "codeGenerated": true,
          "buildTimeExecuted": false,
          "cached": false,
          "identifier": "webpack/runtime/make namespace object",
          "name": "webpack/runtime/make namespace object",
          "nameForCondition": null,
          "index": null,
          "preOrderIndex": null,
          "index2": null,
          "postOrderIndex": null,
          "optional": false,
          "orphan": false,
          "dependent": false,
          "failed": false,
          "errors": 0,
          "warnings": 0,
          "id": "",
          "chunks": ["main"],
          "assets": [],
          "reasons": [],
          "usedExports": null,
          "providedExports": [],
          "optimizationBailout": [],
          "depth": null
        },
        {
          "type": "module",
          "moduleType": "runtime",
          "layer": null,
          "size": 867,
          "sizes": { "runtime": 867 },
          "built": false,
          "codeGenerated": true,
          "buildTimeExecuted": false,
          "cached": false,
          "identifier": "webpack/runtime/publicPath",
          "name": "webpack/runtime/publicPath",
          "nameForCondition": null,
          "index": null,
          "preOrderIndex": null,
          "index2": null,
          "postOrderIndex": null,
          "optional": false,
          "orphan": false,
          "dependent": false,
          "failed": false,
          "errors": 0,
          "warnings": 0,
          "id": "",
          "chunks": ["main"],
          "assets": [],
          "reasons": [],
          "usedExports": null,
          "providedExports": [],
          "optimizationBailout": [],
          "depth": null
        }
      ],
      "origins": [
        {
          "module": "",
          "moduleIdentifier": "",
          "moduleName": "",
          "loc": "main",
          "request": "./src/index.js"
        }
      ]
    },
    {
      "rendered": true,
      "initial": false,
      "entry": false,
      "recorded": false,
      "size": 22,
      "sizes": { "javascript": 22 },
      "names": [],
      "idHints": [],
      "runtime": ["main"],
      "files": ["src_bar_js.bundle.js"],
      "auxiliaryFiles": [],
      "hash": "871a989d0de1c7ce9520",
      "childrenByOrder": {},
      "id": "src_bar_js",
      "siblings": [],
      "parents": ["main"],
      "children": [],
      "modules": [
        {
          "type": "module",
          "moduleType": "javascript/auto",
          "layer": null,
          "size": 22,
          "sizes": { "javascript": 22 },
          "built": true,
          "codeGenerated": true,
          "buildTimeExecuted": false,
          "cached": false,
          "identifier": "/Users/tecvan/studio/webpack-book-samples/stats-with-profile/src/bar.js",
          "name": "./src/bar.js",
          "nameForCondition": "/Users/tecvan/studio/webpack-book-samples/stats-with-profile/src/bar.js",
          "index": 2,
          "preOrderIndex": 2,
          "index2": 2,
          "postOrderIndex": 2,
          "cacheable": true,
          "optional": false,
          "orphan": false,
          "dependent": false,
          "issuer": "/Users/tecvan/studio/webpack-book-samples/stats-with-profile/src/index.js",
          "issuerName": "./src/index.js",
          "issuerPath": [
            {
              "identifier": "/Users/tecvan/studio/webpack-book-samples/stats-with-profile/src/index.js",
              "name": "./src/index.js",
              "profile": {
                "total": 32,
                "resolving": 23,
                "restoring": 0,
                "building": 9,
                "integration": 0,
                "storing": 0,
                "additionalResolving": 0,
                "additionalIntegration": 0,
                "factory": 23,
                "dependencies": 0
              },
              "id": "./src/index.js"
            }
          ],
          "failed": false,
          "errors": 0,
          "warnings": 0,
          "profile": {
            "total": 4,
            "resolving": 2,
            "restoring": 0,
            "building": 2,
            "integration": 0,
            "storing": 0,
            "additionalResolving": 0,
            "additionalIntegration": 0,
            "factory": 2,
            "dependencies": 0
          },
          "id": "./src/bar.js",
          "issuerId": "./src/index.js",
          "chunks": ["src_bar_js"],
          "assets": [],
          "reasons": [
            {
              "moduleIdentifier": "/Users/tecvan/studio/webpack-book-samples/stats-with-profile/src/index.js",
              "module": "./src/index.js",
              "moduleName": "./src/index.js",
              "resolvedModuleIdentifier": "/Users/tecvan/studio/webpack-book-samples/stats-with-profile/src/index.js",
              "resolvedModule": "./src/index.js",
              "type": "import()",
              "active": true,
              "explanation": "",
              "userRequest": "./bar",
              "loc": "2:0-15",
              "moduleId": "./src/index.js",
              "resolvedModuleId": "./src/index.js"
            }
          ],
          "usedExports": null,
          "providedExports": ["default"],
          "optimizationBailout": [],
          "depth": 1
        }
      ],
      "origins": [
        {
          "module": "/Users/tecvan/studio/webpack-book-samples/stats-with-profile/src/index.js",
          "moduleIdentifier": "/Users/tecvan/studio/webpack-book-samples/stats-with-profile/src/index.js",
          "moduleName": "./src/index.js",
          "loc": "2:0-15",
          "request": "./bar",
          "moduleId": "./src/index.js"
        }
      ]
    }
  ],
  "modules": [
    {
      "type": "module",
      "moduleType": "javascript/auto",
      "layer": null,
      "size": 42,
      "sizes": { "javascript": 42 },
      "built": true,
      "codeGenerated": true,
      "buildTimeExecuted": false,
      "cached": false,
      "identifier": "/Users/tecvan/studio/webpack-book-samples/stats-with-profile/src/index.js",
      "name": "./src/index.js",
      "nameForCondition": "/Users/tecvan/studio/webpack-book-samples/stats-with-profile/src/index.js",
      "index": 0,
      "preOrderIndex": 0,
      "index2": 1,
      "postOrderIndex": 1,
      "cacheable": true,
      "optional": false,
      "orphan": false,
      "issuer": null,
      "issuerName": null,
      "issuerPath": null,
      "failed": false,
      "errors": 0,
      "warnings": 0,
      "profile": {
        "total": 32,
        "resolving": 23,
        "restoring": 0,
        "building": 9,
        "integration": 0,
        "storing": 0,
        "additionalResolving": 0,
        "additionalIntegration": 0,
        "factory": 23,
        "dependencies": 0
      },
      "id": "./src/index.js",
      "issuerId": null,
      "chunks": ["main"],
      "assets": [],
      "reasons": [
        {
          "moduleIdentifier": null,
          "module": null,
          "moduleName": null,
          "resolvedModuleIdentifier": null,
          "resolvedModule": null,
          "type": "entry",
          "active": true,
          "explanation": "",
          "userRequest": "./src/index.js",
          "loc": "main",
          "moduleId": null,
          "resolvedModuleId": null
        }
      ],
      "usedExports": null,
      "providedExports": [],
      "optimizationBailout": [],
      "depth": 0
    },
    {
      "type": "module",
      "moduleType": "javascript/auto",
      "layer": null,
      "size": 22,
      "sizes": { "javascript": 22 },
      "built": true,
      "codeGenerated": true,
      "buildTimeExecuted": false,
      "cached": false,
      "identifier": "/Users/tecvan/studio/webpack-book-samples/stats-with-profile/src/foo.js",
      "name": "./src/foo.js",
      "nameForCondition": "/Users/tecvan/studio/webpack-book-samples/stats-with-profile/src/foo.js",
      "index": 1,
      "preOrderIndex": 1,
      "index2": 0,
      "postOrderIndex": 0,
      "cacheable": true,
      "optional": false,
      "orphan": false,
      "issuer": "/Users/tecvan/studio/webpack-book-samples/stats-with-profile/src/index.js",
      "issuerName": "./src/index.js",
      "issuerPath": [
        {
          "identifier": "/Users/tecvan/studio/webpack-book-samples/stats-with-profile/src/index.js",
          "name": "./src/index.js",
          "profile": {
            "total": 32,
            "resolving": 23,
            "restoring": 0,
            "building": 9,
            "integration": 0,
            "storing": 0,
            "additionalResolving": 0,
            "additionalIntegration": 0,
            "factory": 23,
            "dependencies": 0
          },
          "id": "./src/index.js"
        }
      ],
      "failed": false,
      "errors": 0,
      "warnings": 0,
      "profile": {
        "total": 4,
        "resolving": 2,
        "restoring": 0,
        "building": 2,
        "integration": 0,
        "storing": 0,
        "additionalResolving": 0,
        "additionalIntegration": 0,
        "factory": 2,
        "dependencies": 0
      },
      "id": "./src/foo.js",
      "issuerId": "./src/index.js",
      "chunks": ["main"],
      "assets": [],
      "reasons": [
        {
          "moduleIdentifier": "/Users/tecvan/studio/webpack-book-samples/stats-with-profile/src/index.js",
          "module": "./src/index.js",
          "moduleName": "./src/index.js",
          "resolvedModuleIdentifier": "/Users/tecvan/studio/webpack-book-samples/stats-with-profile/src/index.js",
          "resolvedModule": "./src/index.js",
          "type": "harmony side effect evaluation",
          "active": true,
          "explanation": "",
          "userRequest": "./foo",
          "loc": "1:0-24",
          "moduleId": "./src/index.js",
          "resolvedModuleId": "./src/index.js"
        }
      ],
      "usedExports": null,
      "providedExports": ["default"],
      "optimizationBailout": [],
      "depth": 1
    },
    {
      "type": "module",
      "moduleType": "javascript/auto",
      "layer": null,
      "size": 22,
      "sizes": { "javascript": 22 },
      "built": true,
      "codeGenerated": true,
      "buildTimeExecuted": false,
      "cached": false,
      "identifier": "/Users/tecvan/studio/webpack-book-samples/stats-with-profile/src/bar.js",
      "name": "./src/bar.js",
      "nameForCondition": "/Users/tecvan/studio/webpack-book-samples/stats-with-profile/src/bar.js",
      "index": 2,
      "preOrderIndex": 2,
      "index2": 2,
      "postOrderIndex": 2,
      "cacheable": true,
      "optional": false,
      "orphan": false,
      "issuer": "/Users/tecvan/studio/webpack-book-samples/stats-with-profile/src/index.js",
      "issuerName": "./src/index.js",
      "issuerPath": [
        {
          "identifier": "/Users/tecvan/studio/webpack-book-samples/stats-with-profile/src/index.js",
          "name": "./src/index.js",
          "profile": {
            "total": 32,
            "resolving": 23,
            "restoring": 0,
            "building": 9,
            "integration": 0,
            "storing": 0,
            "additionalResolving": 0,
            "additionalIntegration": 0,
            "factory": 23,
            "dependencies": 0
          },
          "id": "./src/index.js"
        }
      ],
      "failed": false,
      "errors": 0,
      "warnings": 0,
      "profile": {
        "total": 4,
        "resolving": 2,
        "restoring": 0,
        "building": 2,
        "integration": 0,
        "storing": 0,
        "additionalResolving": 0,
        "additionalIntegration": 0,
        "factory": 2,
        "dependencies": 0
      },
      "id": "./src/bar.js",
      "issuerId": "./src/index.js",
      "chunks": ["src_bar_js"],
      "assets": [],
      "reasons": [
        {
          "moduleIdentifier": "/Users/tecvan/studio/webpack-book-samples/stats-with-profile/src/index.js",
          "module": "./src/index.js",
          "moduleName": "./src/index.js",
          "resolvedModuleIdentifier": "/Users/tecvan/studio/webpack-book-samples/stats-with-profile/src/index.js",
          "resolvedModule": "./src/index.js",
          "type": "import()",
          "active": true,
          "explanation": "",
          "userRequest": "./bar",
          "loc": "2:0-15",
          "moduleId": "./src/index.js",
          "resolvedModuleId": "./src/index.js"
        }
      ],
      "usedExports": null,
      "providedExports": ["default"],
      "optimizationBailout": [],
      "depth": 1
    },
    {
      "type": "module",
      "moduleType": "runtime",
      "layer": null,
      "size": 308,
      "sizes": { "runtime": 308 },
      "built": false,
      "codeGenerated": true,
      "buildTimeExecuted": false,
      "cached": false,
      "identifier": "webpack/runtime/define property getters",
      "name": "webpack/runtime/define property getters",
      "nameForCondition": null,
      "index": null,
      "preOrderIndex": null,
      "index2": null,
      "postOrderIndex": null,
      "optional": false,
      "orphan": false,
      "failed": false,
      "errors": 0,
      "warnings": 0,
      "id": "",
      "chunks": ["main"],
      "assets": [],
      "reasons": [],
      "usedExports": null,
      "providedExports": [],
      "optimizationBailout": [],
      "depth": null
    },
    {
      "type": "module",
      "moduleType": "runtime",
      "layer": null,
      "size": 326,
      "sizes": { "runtime": 326 },
      "built": false,
      "codeGenerated": true,
      "buildTimeExecuted": false,
      "cached": false,
      "identifier": "webpack/runtime/ensure chunk",
      "name": "webpack/runtime/ensure chunk",
      "nameForCondition": null,
      "index": null,
      "preOrderIndex": null,
      "index2": null,
      "postOrderIndex": null,
      "optional": false,
      "orphan": false,
      "failed": false,
      "errors": 0,
      "warnings": 0,
      "id": "",
      "chunks": ["main"],
      "assets": [],
      "reasons": [],
      "usedExports": null,
      "providedExports": [],
      "optimizationBailout": [],
      "depth": null
    },
    {
      "type": "module",
      "moduleType": "runtime",
      "layer": null,
      "size": 174,
      "sizes": { "runtime": 174 },
      "built": false,
      "codeGenerated": true,
      "buildTimeExecuted": false,
      "cached": false,
      "identifier": "webpack/runtime/get javascript chunk filename",
      "name": "webpack/runtime/get javascript chunk filename",
      "nameForCondition": null,
      "index": null,
      "preOrderIndex": null,
      "index2": null,
      "postOrderIndex": null,
      "optional": false,
      "orphan": false,
      "failed": false,
      "errors": 0,
      "warnings": 0,
      "id": "",
      "chunks": ["main"],
      "assets": [],
      "reasons": [],
      "usedExports": null,
      "providedExports": [],
      "optimizationBailout": [],
      "depth": null
    },
    {
      "type": "module",
      "moduleType": "runtime",
      "layer": null,
      "size": 221,
      "sizes": { "runtime": 221 },
      "built": false,
      "codeGenerated": true,
      "buildTimeExecuted": false,
      "cached": false,
      "identifier": "webpack/runtime/global",
      "name": "webpack/runtime/global",
      "nameForCondition": null,
      "index": null,
      "preOrderIndex": null,
      "index2": null,
      "postOrderIndex": null,
      "optional": false,
      "orphan": false,
      "failed": false,
      "errors": 0,
      "warnings": 0,
      "id": "",
      "chunks": ["main"],
      "assets": [],
      "reasons": [],
      "usedExports": null,
      "providedExports": [],
      "optimizationBailout": [],
      "depth": null
    },
    {
      "type": "module",
      "moduleType": "runtime",
      "layer": null,
      "size": 88,
      "sizes": { "runtime": 88 },
      "built": false,
      "codeGenerated": true,
      "buildTimeExecuted": false,
      "cached": false,
      "identifier": "webpack/runtime/hasOwnProperty shorthand",
      "name": "webpack/runtime/hasOwnProperty shorthand",
      "nameForCondition": null,
      "index": null,
      "preOrderIndex": null,
      "index2": null,
      "postOrderIndex": null,
      "optional": false,
      "orphan": false,
      "failed": false,
      "errors": 0,
      "warnings": 0,
      "id": "",
      "chunks": ["main"],
      "assets": [],
      "reasons": [],
      "usedExports": null,
      "providedExports": [],
      "optimizationBailout": [],
      "depth": null
    },
    {
      "type": "module",
      "moduleType": "runtime",
      "layer": null,
      "size": 3088,
      "sizes": { "runtime": 3088 },
      "built": false,
      "codeGenerated": true,
      "buildTimeExecuted": false,
      "cached": false,
      "identifier": "webpack/runtime/jsonp chunk loading",
      "name": "webpack/runtime/jsonp chunk loading",
      "nameForCondition": null,
      "index": null,
      "preOrderIndex": null,
      "index2": null,
      "postOrderIndex": null,
      "optional": false,
      "orphan": false,
      "failed": false,
      "errors": 0,
      "warnings": 0,
      "id": "",
      "chunks": ["main"],
      "assets": [],
      "reasons": [],
      "usedExports": null,
      "providedExports": [],
      "optimizationBailout": [],
      "depth": null
    },
    {
      "type": "module",
      "moduleType": "runtime",
      "layer": null,
      "size": 1503,
      "sizes": { "runtime": 1503 },
      "built": false,
      "codeGenerated": true,
      "buildTimeExecuted": false,
      "cached": false,
      "identifier": "webpack/runtime/load script",
      "name": "webpack/runtime/load script",
      "nameForCondition": null,
      "index": null,
      "preOrderIndex": null,
      "index2": null,
      "postOrderIndex": null,
      "optional": false,
      "orphan": false,
      "failed": false,
      "errors": 0,
      "warnings": 0,
      "id": "",
      "chunks": ["main"],
      "assets": [],
      "reasons": [],
      "usedExports": null,
      "providedExports": [],
      "optimizationBailout": [],
      "depth": null
    },
    {
      "type": "module",
      "moduleType": "runtime",
      "layer": null,
      "size": 274,
      "sizes": { "runtime": 274 },
      "built": false,
      "codeGenerated": true,
      "buildTimeExecuted": false,
      "cached": false,
      "identifier": "webpack/runtime/make namespace object",
      "name": "webpack/runtime/make namespace object",
      "nameForCondition": null,
      "index": null,
      "preOrderIndex": null,
      "index2": null,
      "postOrderIndex": null,
      "optional": false,
      "orphan": false,
      "failed": false,
      "errors": 0,
      "warnings": 0,
      "id": "",
      "chunks": ["main"],
      "assets": [],
      "reasons": [],
      "usedExports": null,
      "providedExports": [],
      "optimizationBailout": [],
      "depth": null
    },
    {
      "type": "module",
      "moduleType": "runtime",
      "layer": null,
      "size": 867,
      "sizes": { "runtime": 867 },
      "built": false,
      "codeGenerated": true,
      "buildTimeExecuted": false,
      "cached": false,
      "identifier": "webpack/runtime/publicPath",
      "name": "webpack/runtime/publicPath",
      "nameForCondition": null,
      "index": null,
      "preOrderIndex": null,
      "index2": null,
      "postOrderIndex": null,
      "optional": false,
      "orphan": false,
      "failed": false,
      "errors": 0,
      "warnings": 0,
      "id": "",
      "chunks": ["main"],
      "assets": [],
      "reasons": [],
      "usedExports": null,
      "providedExports": [],
      "optimizationBailout": [],
      "depth": null
    }
  ],
  "entrypoints": {
    "main": {
      "name": "main",
      "chunks": ["main"],
      "assets": [{ "name": "bundle.js", "size": 12079 }],
      "filteredAssets": 0,
      "assetsSize": 12079,
      "auxiliaryAssets": [],
      "filteredAuxiliaryAssets": 0,
      "auxiliaryAssetsSize": 0,
      "children": {},
      "childAssets": {},
      "isOverSizeLimit": false
    }
  },
  "namedChunkGroups": {
    "main": {
      "name": "main",
      "chunks": ["main"],
      "assets": [{ "name": "bundle.js", "size": 12079 }],
      "filteredAssets": 0,
      "assetsSize": 12079,
      "auxiliaryAssets": [],
      "filteredAuxiliaryAssets": 0,
      "auxiliaryAssetsSize": 0,
      "children": {},
      "childAssets": {},
      "isOverSizeLimit": false
    }
  },
  "errors": [],
  "errorsCount": 0,
  "warnings": [],
  "warningsCount": 0,
  "children": []
}
