{"_id":"ea795837624e571e05414eef157e50e8","sterilization":true,"cloudPeopleId":[],"introduction":"文本","sex":0.0,"title":"银渐层，粘人！","age":1.0,"avatarUrl":["https://img1.baidu.com/it/u=3909747312,1685181838&fm=253&fmt=auto&app=138&f=JPEG?w=500&h=500"],"type":3.0,"varieties":"英短银渐层","insectRepellent":true,"immune":false}
{"_id":"ea795837624e571e05414ef01786fcdf","immune":false,"sterilization":false,"cloudPeopleId":[],"introduction":"文本","sex":1.0,"title":"柯基，就是棒！","age":4.0,"avatarUrl":["https://ns-strategy.cdn.bcebos.com/ns-strategy/upload/fc_big_pic/part-00085-2874.jpg"],"type":4.0,"varieties":"柯基","insectRepellent":false}
{"_id":"ea795837624e571e05414ef16b3c061d","immune":true,"sterilization":true,"cloudPeopleId":[],"introduction":"文本","sex":0.0,"title":"龙猫，ヾ(✿ﾟ▽ﾟ)ノ","age":14.0,"avatarUrl":["https://img1.baidu.com/it/u=2441533675,290047279&fm=253&fmt=auto&app=138&f=JPEG?w=500&h=501"],"type":0.0,"varieties":"毛丝鼠","insectRepellent":true}
{"_id":"ea795837624e571e05414ef24e23aba8","immune":false,"sterilization":false,"cloudPeopleId":[],"introduction":"文本","sex":1.0,"title":"萨摩，就是好！","age":9.0,"avatarUrl":["https://img2.baidu.com/it/u=2103344812,2752392290&fm=253&fmt=auto&app=138&f=JPEG?w=500&h=500","https://img1.baidu.com/it/u=3428576369,1171391715&fm=253&fmt=auto&app=138&f=JPEG?w=500&h=313"],"type":4.0,"varieties":"萨摩耶犬","insectRepellent":false}
{"_id":"ea795837624e571e05414ef3014e6210","immune":false,"sterilization":false,"cloudPeopleId":[],"introduction":"文本","sex":0.0,"title":"仓鼠，仓鼠","age":2.0,"avatarUrl":["https://img0.baidu.com/it/u=1364922409,3902349642&fm=253&fmt=auto&app=138&f=JPEG?w=751&h=500"],"type":0.0,"varieties":"仓鼠","insectRepellent":false}
{"_id":"ea795837624e571e05414ef4513619f5","immune":false,"sterilization":false,"cloudPeopleId":[],"introduction":"文本","sex":1.0,"title":"大边牧","age":12.0,"avatarUrl":["https://img0.baidu.com/it/u=188891327,3433760959&fm=253&fmt=auto&app=138&f=JPEG?w=281&h=500"],"type":4.0,"varieties":"边境牧羊犬","insectRepellent":false}
{"_id":"ea795837624e571e05414ef564b35040","immune":false,"sterilization":true,"cloudPeopleId":[],"introduction":"文本","sex":1.0,"title":"刺猬","age":6.0,"avatarUrl":["https://img0.baidu.com/it/u=3069714634,1349804878&fm=253&fmt=auto&app=120&f=JPEG?w=1280&h=800"],"type":0.0,"varieties":"普通刺猬","insectRepellent":false}
{"_id":"ea795837624e571e05414ef626f0d488","immune":true,"sterilization":false,"cloudPeopleId":[],"introduction":"文本","sex":0.0,"title":"哈士奇，纯种，不拆家！","age":2.0,"avatarUrl":["https://img2.baidu.com/it/u=2289960936,3812902909&fm=253&fmt=auto&app=138&f=JPEG?w=500&h=500"],"type":4.0,"varieties":"西伯利亚雪橇犬","insectRepellent":true}
{"_id":"ea795837624e571e05414ef719cebd3c","immune":false,"sterilization":false,"cloudPeopleId":[],"introduction":"文本","sex":0.0,"title":"英短妹妹","age":1.0,"avatarUrl":["https://img0.baidu.com/it/u=4208385905,1313864114&fm=253&fmt=auto&app=138&f=JPEG?w=500&h=500"],"type":3.0,"varieties":"英短蓝猫","insectRepellent":false}
{"_id":"ea795837624e571e05414ef82b21f482","immune":true,"sterilization":true,"cloudPeopleId":[],"introduction":"文本","sex":0.0,"title":"小布偶","age":2.0,"avatarUrl":["https://img0.baidu.com/it/u=2638497509,3125860595&fm=253&fmt=auto&app=120&f=JPEG?w=1280&h=800"],"type":3.0,"varieties":"布偶猫","insectRepellent":true}
{"_id":"ea795837624e571e05414ef96fe72c81","immune":true,"sterilization":false,"cloudPeopleId":[],"introduction":"文本","sex":1.0,"title":"狸花猫，比较喜欢睡觉","age":24.0,"avatarUrl":["https://img2.baidu.com/it/u=4024326103,1671411870&fm=253&fmt=auto&app=138&f=JPEG?w=667&h=500"],"type":3.0,"varieties":"狸花猫","insectRepellent":true}
{"_id":"34586bfd62537cb1014ac8ec49075acf","immune":true,"sterilization":true,"cloudPeopleId":[],"introduction":"文本，我是001","sex":0.0,"title":"银渐层001号，粘人！","age":1.0,"avatarUrl":["https://img1.baidu.com/it/u=3909747312,1685181838&fm=253&fmt=auto&app=138&f=JPEG?w=500&h=500"],"type":3.0,"varieties":"英短银渐层","insectRepellent":true}
{"_id":"34586bfd62537cb1014ac8ed4ab4ee7f","immune":true,"sterilization":true,"cloudPeopleId":[],"introduction":"文本,002是我","sex":1.0,"title":"银渐层002，不粘人！","age":3.0,"avatarUrl":["https://img1.baidu.com/it/u=3909747312,1685181838&fm=253&fmt=auto&app=138&f=JPEG?w=500&h=500"],"type":3.0,"varieties":"英短银渐层","insectRepellent":true}
{"_id":"34586bfd62537cb1014ac8ee1844720e","immune":true,"sterilization":true,"cloudPeopleId":[],"introduction":"文本003","sex":1.0,"title":"银渐层003","age":8.0,"avatarUrl":["https://img1.baidu.com/it/u=3909747312,1685181838&fm=253&fmt=auto&app=138&f=JPEG?w=500&h=500"],"type":3.0,"varieties":"英短银渐层","insectRepellent":true}
{"_id":"34586bfd62537cb1014ac8ef3a374f30","immune":true,"sterilization":true,"cloudPeopleId":[],"introduction":"文本","sex":0.0,"title":"粘人！004银渐层","age":5.0,"avatarUrl":["https://img1.baidu.com/it/u=3909747312,1685181838&fm=253&fmt=auto&app=138&f=JPEG?w=500&h=500"],"type":3.0,"varieties":"英短银渐层","insectRepellent":true}
{"_id":"34586bfd62537cb1014ac8f0200dc1e6","immune":true,"sterilization":true,"cloudPeopleId":[],"introduction":"005 文本","sex":0.0,"title":"银渐层 粘人！ 005","age":1.0,"avatarUrl":["https://img1.baidu.com/it/u=3909747312,1685181838&fm=253&fmt=auto&app=138&f=JPEG?w=500&h=500"],"type":3.0,"varieties":"英短银渐层","insectRepellent":true}
{"_id":"34586bfd62537cb1014ac8f16b4600b1","immune":true,"sterilization":false,"cloudPeopleId":[],"introduction":"文 006 本","sex":0.0,"title":"006银渐层","age":1.0,"avatarUrl":["https://img1.baidu.com/it/u=3909747312,1685181838&fm=253&fmt=auto&app=138&f=JPEG?w=500&h=500"],"type":3.0,"varieties":"英短银渐层","insectRepellent":true}
{"_id":"34586bfd62537cb1014ac8f27432a110","immune":true,"sterilization":true,"cloudPeopleId":[],"introduction":"文本007，本来是个间谍","sex":0.0,"title":"银渐层007，咬人！","age":1.0,"avatarUrl":["https://img1.baidu.com/it/u=3909747312,1685181838&fm=253&fmt=auto&app=138&f=JPEG?w=500&h=500"],"type":3.0,"varieties":"英短银渐层","insectRepellent":true}
{"_id":"34586bfd62537cb1014ac8f34460ccca","immune":true,"sterilization":true,"cloudPeopleId":[],"introduction":"008文本，和上面的是同事，只不过膝盖中了一枪","sex":0.0,"title":"008银渐层，间谍","age":1.0,"avatarUrl":["https://img1.baidu.com/it/u=3909747312,1685181838&fm=253&fmt=auto&app=138&f=JPEG?w=500&h=500"],"type":3.0,"varieties":"英短银渐层","insectRepellent":false}
{"_id":"34586bfd62537cb1014ac8f41cba44b6","immune":true,"sterilization":true,"cloudPeopleId":[],"introduction":"文本，国王万岁","sex":1.0,"title":"银渐层009，猫星国王","age":1.0,"avatarUrl":["https://img1.baidu.com/it/u=3909747312,1685181838&fm=253&fmt=auto&app=138&f=JPEG?w=500&h=500"],"type":3.0,"varieties":"英短银渐层","insectRepellent":true}
{"_id":"34586bfd62537cb1014ac8f512d1b20f","immune":true,"sterilization":true,"cloudPeopleId":[],"introduction":"文本，女王万岁","sex":0.0,"title":"银渐层，猫猫星球皇后！","age":4.0,"avatarUrl":["https://img1.baidu.com/it/u=3909747312,1685181838&fm=253&fmt=auto&app=138&f=JPEG?w=500&h=500"],"type":3.0,"varieties":"英短银渐层","insectRepellent":true}
