{"_id":"34586bfd625780a3015559593417707e","showPictures":"cloud://pro-9gpn0oyk98c1bfba.7072-pro-9gpn0oyk98c1bfba-1307114596/goods/小宠肤可安70ml瓶(皮肤毛发消毒)/1.jpg","title":"小宠肤可安70ml瓶(皮肤毛发消毒)","amount":0.0,"price":26.0,"detail":["cloud://pro-9gpn0oyk98c1bfba.7072-pro-9gpn0oyk98c1bfba-1307114596/goods/小宠肤可安70ml瓶(皮肤毛发消毒)/1.jpg","cloud://pro-9gpn0oyk98c1bfba.7072-pro-9gpn0oyk98c1bfba-1307114596/goods/小宠肤可安70ml瓶(皮肤毛发消毒)/2.jpg","cloud://pro-9gpn0oyk98c1bfba.7072-pro-9gpn0oyk98c1bfba-1307114596/goods/小宠肤可安70ml瓶(皮肤毛发消毒)/3.jpg","cloud://pro-9gpn0oyk98c1bfba.7072-pro-9gpn0oyk98c1bfba-1307114596/goods/小宠肤可安70ml瓶(皮肤毛发消毒)/4.jpg"]}
{"_id":"34586bfd625780c00155595a224946da","showPictures":"cloud://pro-9gpn0oyk98c1bfba.7072-pro-9gpn0oyk98c1bfba-1307114596/goods/迈吉客全家通用营养狗粮3斤/1.jpg","title":"迈吉客全家通用营养狗粮3斤","amount":0.0,"price":62.0,"detail":["cloud://pro-9gpn0oyk98c1bfba.7072-pro-9gpn0oyk98c1bfba-1307114596/goods/迈吉客全家通用营养狗粮3斤/1.jpg","cloud://pro-9gpn0oyk98c1bfba.7072-pro-9gpn0oyk98c1bfba-1307114596/goods/迈吉客全家通用营养狗粮3斤/2.jpg","cloud://pro-9gpn0oyk98c1bfba.7072-pro-9gpn0oyk98c1bfba-1307114596/goods/迈吉客全家通用营养狗粮3斤/3.jpg","cloud://pro-9gpn0oyk98c1bfba.7072-pro-9gpn0oyk98c1bfba-1307114596/goods/迈吉客全家通用营养狗粮3斤/4.jpg","cloud://pro-9gpn0oyk98c1bfba.7072-pro-9gpn0oyk98c1bfba-1307114596/goods/迈吉客全家通用营养狗粮3斤/5.jpg","cloud://pro-9gpn0oyk98c1bfba.7072-pro-9gpn0oyk98c1bfba-1307114596/goods/迈吉客全家通用营养狗粮3斤/6.jpg"]}
{"_id":"34586bfd625780c00155595b5963498e","showPictures":"cloud://pro-9gpn0oyk98c1bfba.7072-pro-9gpn0oyk98c1bfba-1307114596/goods/爱慕思中型成犬鸡肉配方30斤/1.jpg","title":"爱慕思中型成犬鸡肉配方30斤","amount":9.0,"price":690.0,"detail":["cloud://pro-9gpn0oyk98c1bfba.7072-pro-9gpn0oyk98c1bfba-1307114596/goods/爱慕思中型成犬鸡肉配方30斤/1.jpg"]}
{"_id":"0067b443625780ed0096da5b31e88b63","showPictures":"cloud://pro-9gpn0oyk98c1bfba.7072-pro-9gpn0oyk98c1bfba-1307114596/goods/爱慕斯大型成犬鸡肉配方26斤/1.jpg","title":"爱慕斯大型成犬鸡肉配方26斤","amount":17.0,"price":590.0,"detail":["cloud://pro-9gpn0oyk98c1bfba.7072-pro-9gpn0oyk98c1bfba-1307114596/goods/爱慕斯大型成犬鸡肉配方26斤/1.jpg"]}
{"_id":"0067b443625780ed0096da5c48705616","showPictures":"cloud://pro-9gpn0oyk98c1bfba.7072-pro-9gpn0oyk98c1bfba-1307114596/goods/BeMate多维营养膏/1.jpg","title":"BeMate多维营养膏120g（猫狗通用）","amount":0.0,"price":60.0,"detail":["cloud://pro-9gpn0oyk98c1bfba.7072-pro-9gpn0oyk98c1bfba-1307114596/goods/BeMate多维营养膏/1.jpg","cloud://pro-9gpn0oyk98c1bfba.7072-pro-9gpn0oyk98c1bfba-1307114596/goods/BeMate多维营养膏/2.jpg","cloud://pro-9gpn0oyk98c1bfba.7072-pro-9gpn0oyk98c1bfba-1307114596/goods/BeMate多维营养膏/3.jpg","cloud://pro-9gpn0oyk98c1bfba.7072-pro-9gpn0oyk98c1bfba-1307114596/goods/BeMate多维营养膏/4.jpg","cloud://pro-9gpn0oyk98c1bfba.7072-pro-9gpn0oyk98c1bfba-1307114596/goods/BeMate多维营养膏/5.jpg","cloud://pro-9gpn0oyk98c1bfba.7072-pro-9gpn0oyk98c1bfba-1307114596/goods/BeMate多维营养膏/6.jpg","cloud://pro-9gpn0oyk98c1bfba.7072-pro-9gpn0oyk98c1bfba-1307114596/goods/BeMate多维营养膏/7.jpg","cloud://pro-9gpn0oyk98c1bfba.7072-pro-9gpn0oyk98c1bfba-1307114596/goods/BeMate多维营养膏/8.jpg","cloud://pro-9gpn0oyk98c1bfba.7072-pro-9gpn0oyk98c1bfba-1307114596/goods/BeMate多维营养膏/9.jpg","cloud://pro-9gpn0oyk98c1bfba.7072-pro-9gpn0oyk98c1bfba-1307114596/goods/BeMate多维营养膏/10.jpg","cloud://pro-9gpn0oyk98c1bfba.7072-pro-9gpn0oyk98c1bfba-1307114596/goods/BeMate多维营养膏/11.jpg"]}
{"_id":"0067b443625780ed0096da5d60063482","showPictures":"cloud://pro-9gpn0oyk98c1bfba.7072-pro-9gpn0oyk98c1bfba-1307114596/goods/麦德氏四合一幼犬幼猫羊奶粉300g/1.jpg","title":"麦德氏四合一幼犬幼猫羊奶粉300g","amount":9.0,"price":50.0,"detail":["cloud://pro-9gpn0oyk98c1bfba.7072-pro-9gpn0oyk98c1bfba-1307114596/goods/麦德氏四合一幼犬幼猫羊奶粉300g/1.jpg","cloud://pro-9gpn0oyk98c1bfba.7072-pro-9gpn0oyk98c1bfba-1307114596/goods/麦德氏四合一幼犬幼猫羊奶粉300g/2.jpg","cloud://pro-9gpn0oyk98c1bfba.7072-pro-9gpn0oyk98c1bfba-1307114596/goods/麦德氏四合一幼犬幼猫羊奶粉300g/3.jpg","cloud://pro-9gpn0oyk98c1bfba.7072-pro-9gpn0oyk98c1bfba-1307114596/goods/麦德氏四合一幼犬幼猫羊奶粉300g/4.jpg","cloud://pro-9gpn0oyk98c1bfba.7072-pro-9gpn0oyk98c1bfba-1307114596/goods/麦德氏四合一幼犬幼猫羊奶粉300g/5.jpg","cloud://pro-9gpn0oyk98c1bfba.7072-pro-9gpn0oyk98c1bfba-1307114596/goods/麦德氏四合一幼犬幼猫羊奶粉300g/6.jpg","cloud://pro-9gpn0oyk98c1bfba.7072-pro-9gpn0oyk98c1bfba-1307114596/goods/麦德氏四合一幼犬幼猫羊奶粉300g/7.jpg","cloud://pro-9gpn0oyk98c1bfba.7072-pro-9gpn0oyk98c1bfba-1307114596/goods/麦德氏四合一幼犬幼猫羊奶粉300g/8.jpg","cloud://pro-9gpn0oyk98c1bfba.7072-pro-9gpn0oyk98c1bfba-1307114596/goods/麦德氏四合一幼犬幼猫羊奶粉300g/9.jpg","cloud://pro-9gpn0oyk98c1bfba.7072-pro-9gpn0oyk98c1bfba-1307114596/goods/麦德氏四合一幼犬幼猫羊奶粉300g/10.jpg","cloud://pro-9gpn0oyk98c1bfba.7072-pro-9gpn0oyk98c1bfba-1307114596/goods/麦德氏四合一幼犬幼猫羊奶粉300g/11.jpg","cloud://pro-9gpn0oyk98c1bfba.7072-pro-9gpn0oyk98c1bfba-1307114596/goods/麦德氏四合一幼犬幼猫羊奶粉300g/12.jpg","cloud://pro-9gpn0oyk98c1bfba.7072-pro-9gpn0oyk98c1bfba-1307114596/goods/麦德氏四合一幼犬幼猫羊奶粉300g/13.jpg","cloud://pro-9gpn0oyk98c1bfba.7072-pro-9gpn0oyk98c1bfba-1307114596/goods/麦德氏四合一幼犬幼猫羊奶粉300g/14.jpg"]}
