{"_id":"6f49505e626152aa0174e24c472e2265","nickName":"Hurst","avatarUrl":"https://thirdwx.qlogo.cn/mmopen/vi_32/Q0j4TwGTfTJBSmv3ibpMkfVwDXFVTYqQYD55Gb4ibIWrLXrpvavN8FrjTyabbWk90YIVwj51RAnoBXEfOpBMbJuA/132","money":0,"loveValue":0,"message":0,"_openid":"oXL6s5Cx0dbrs6ngyX_aLdqvuHk4"}
{"_id":"6f49505e626161230177278f2faf181e","nickName":"x","avatarUrl":"https://thirdwx.qlogo.cn/mmopen/vi_32/3KBRk6M04Im6v8mq8YcYxG2Bb8u5PiaP3q78DA3oh3lrmbbt4jYmgkjTGhDZhWibrqKOLTXPOibKw0EnvM86p6Iow/132","money":0,"loveValue":0,"message":0,"_openid":"oXL6s5Drq5n2aKdRSoQglO1OimkQ","likeAnimalIds":[]}
{"_id":"1fee1e9762622e93017aa4b22a8ee054","nickName":"🐵","avatarUrl":"https://thirdwx.qlogo.cn/mmopen/vi_32/DYAIOgq83eqeSL2hL0aMI4ADWXdGWX4m7xLlSibCoMicfGhIX6d2eyqd5F0ZcUib1oIMrIQIS5LK1ibfJBD4xnIUlg/132","money":0,"loveValue":0,"message":0,"_openid":"oXL6s5AqQk0pDPAqm-bSgGhsVLHg"}
